{"mean": 10.012168874172186, "median": 587, "mode": 1, "sd": 1108.2934672504598}