{"mean": 2.0494883720930233, "median": 30, "mode": 1, "sd": 399.641515657915}