{"0": 195704.122147651, "1": 213117.71201157742, "2": 209790.7676630435, "3": 180649.1516990291, "4": 446421.7027417027, "5": 336745.64759427827, "6": 234630.31213872833, "7": 200134.1913875598, "8": 260716.85153764582, "9": 250399.5339285714, "10": 164620.28264758497, "11": 216471.07443082312, "12": 235852.53818181818, "13": 216470.74450084602, "14": 242917.37545922116, "15": 241125.2808310992, "16": 204338.4068923821, "17": 248005.76877076412, "18": 225123.48724954462, "19": 244425.4821944177, "20": 215210.12474226803, "21": 261715.24555160143, "22": 241113.5947556615, "23": 241841.32291666666}