{"0": 7234.642953020134, "1": 6180.182344428365, "2": 4870.135869565217, "3": 5478.03640776699, "4": 11019.455988455988, "5": 9229.642392717815, "6": 5754.657514450867, "7": 4402.918660287081, "8": 7303.777306468717, "9": 12684.444642857143, "10": 6009.766547406082, "11": 5637.661996497373, "12": 7126.1790909090905, "13": 7638.4517766497465, "14": 7776.932402645114, "15": 10716.796246648793, "16": 9276.885126964933, "17": 10235.422591362127, "18": 9455.6029143898, "19": 9284.297401347449, "20": 8757.30412371134, "21": 11069.593119810203, "22": 9035.20977353993, "23": 8391.143229166666}