{"0": 1011.8429530201342, "1": 947.10998552822, "2": 773.1875, "3": 715.4890776699029, "4": 1152.978354978355, "5": 1282.25877763329, "6": 1169.0476878612717, "7": 797.8313397129186, "8": 1121.0042417815482, "9": 1426.6017857142858, "10": 849.3363148479427, "11": 845.2504378283713, "12": 965.2018181818182, "13": 879.8062605752962, "14": 861.8574577516532, "15": 1182.5891420911528, "16": 1498.9782345828296, "17": 1472.7096345514951, "18": 1400.375227686703, "19": 1381.9894128970163, "20": 1270.363917525773, "21": 1769.938315539739, "22": 1443.772348033373, "23": 1440.55078125}